dice,iou,precision,recall,Model
0.6578113429092565,0.5085335039559421,0.8194756573440856,0.5769916797033735,Attention UNet
0.15323926766133064,0.08706924798927819,0.758535961605701,0.09020512419829861,TransUNet
